Property Value,6105298.37
Mortgage Expense,300000
Annuity & Rent Expense,600000
Loans Expense,337699.32
Household Expense,5800000
Other Expense,0
Wages,0
Interest & Dividends,100000
Partner Income,100000
Rental Income,100000
Investment Income,100000
Others Income,100000
Proposed Annual Rent,100000
Real Estates,1000000
Deposits,1000000
Bonds,0
Pensions,0
Stocks & Fund,0
Others Assets,0
Personal Loans,0
Car Loans,100000
Tax Loans,0
Other Loans,0
Mortgage Loans,0
Property Country,UK
Property Location,London
Nationality,Hong Kong
Lending CCY,GBP
Lending Yield Curve,2
Second Mortgage Flag,0
Tenant Condition,Vacant
Property Type,Flat / Condo
No of Bedrooms,Studio
Property Condition,New
Employment Type,Government
Other Bank Loan Approval,0
ESG Compliance,1
Company Applicant,0
