Country,PropertyType,No of Bedrooms,Spread
UK,Flat / Condo,Studio,0.0025
UK,Flat / Condo,1 Bedroom,0
UK,Flat / Condo,2 Bedroom,0
UK,Flat / Condo,3+ Bedrooms,0.001
UK,HMO,None,0.005
UK,Detached,1 Bedroom,0
UK,Detached,2 Bedroom,0
UK,Detached,3+ Bedrooms,0
UK,Semi Detached,1 Bedroom,0
UK,Semi Detached,2 Bedroom,0
UK,Semi Detached,3+ Bedrooms,0
UK,Terraced,1 Bedroom,0
UK,Terraced,2 Bedroom,0
UK,Terraced,3+ Bedrooms,0
UK,Bungalow,None,0.005
UK,Land,None,0.005
UK,Commercial,None,0.005
Japan,Flat / Condo,Studio,0.001
Japan,Flat / Condo,1 Bedroom,0
Japan,Flat / Condo,2 Bedroom,0
Japan,Flat / Condo,3+ Bedrooms,0.001
Japan,HMO,None,0.005
Japan,Detached,1 Bedroom,0.003
Japan,Detached,2 Bedroom,0.003
Japan,Detached,3+ Bedrooms,0.003
Japan,Semi Detached,1 Bedroom,0.003
Japan,Semi Detached,2 Bedroom,0.003
Japan,Semi Detached,3+ Bedrooms,0.003
Japan,Terraced,1 Bedroom,0.003
Japan,Terraced,2 Bedroom,0.003
Japan,Terraced,3+ Bedrooms,0.003
UK,Bungalow,None,0.005
UK,Land,None,0.005
UK,Commercial,None,0.005
