Country,Location,Spread
Australia,Sydney,0
Australia,Melbourne,0
Australia,Brisbane,0.0025
Australia,Gold coast,0.005
Australia,Others,0.005
Canada,Vancouver,0
Canada,Toronto,0
Canada,Calgary,0.005
Canada,Others,0.005
China,Shanghai,0
China,Others,0.005
Hong Kong,Hong Kong,0
Japan,Tokyo,0
Japan,Osaka,0
Japan,Fukuoka,0.0025
Japan,Kyoto,0.0025
Japan,Others,0.005
South Korea,Seoul,0
South Korea,Others,0.005
Taiwan,Taipei,0
Taiwan,Others,0.005
UK,Birmingham,0.0025
UK,Manchester,0.0025
UK,London,0
UK,Others,0.005
Philippine,Manila,0.005
Philippine,Others,0.005
Others,Others,0.005
